<?xml version="1.0" encoding="UTF-8"?>
<!DOCTYPE hibernate-configuration PUBLIC "-//Hibernate/Hibernate Configuration DTD 3.0//EN"
"http://www.hibernate.org/dtd/hibernate-configuration-3.0.dtd">
<hibernate-configuration>
	<session-factory>
		<property name="hibernate.transaction.factory_class">org.hibernate.transaction.JDBCTransactionFactory</property>
		<property name="hibernate.current_session_context_class">thread</property>
		<property name="hibernate.ogm.datastore.provider">mongodb</property>
		<!-- <property name="hibernate.ogm.datastore.grid_dialect">org.hibernate.ogm.dialect.mongodb.MongoDBDialect</property> -->
		<property name="hibernate.ogm.datastore.database">hibernateDB</property>
		<property name="hibernate.ogm.datastore.create_database">true</property>
		<property name="hibernate.ogm.datastore.host">127.0.0.1</property>
		<property name="hibernate.ogm.datastore.port">27017</property>
	
		<mapping class="com.hms.model.Doctor"/>

	</session-factory>
</hibernate-configuration>
